{
 "kind": "books#volume",
 "id": "ExguqMV2WaMC",
 "etag": "N+POr+zbZio",
 "selfLink": "https://www.googleapis.com/books/v1/volumes/ExguqMV2WaMC",
 "volumeInfo": {
  "title": "Fifty Shades of Grey",
  "authors": [
   "E L James"
  ],
  "publisher": "Random House",
  "publishedDate": "2012-03-19",
  "description": "\u003cp\u003e\u003cb\u003eMORE THAN 100 MILLION COPIES SOLD WORLD WIDE.\u003c/b\u003e\u003c/p\u003e\u003cp\u003e\u003cb\u003e \u003c/b\u003e\u003c/p\u003e\u003cp\u003e\u003cb\u003e Soon to be a major movie starring Jamie Dornan and Dakota Johnson, directed by Sam Taylor-Johnson.\u003c/b\u003e\u003c/p\u003e\u003cp\u003e \u003c/p\u003e\u003cp\u003e When literature student \u003cb\u003eAnastasia Steele\u003c/b\u003e interviews successful entrepreneur \u003cb\u003eChristian Grey\u003c/b\u003e, she finds him very attractive and deeply intimidating. Convinced that their meeting went badly, she tries to put him out of her mind – until he turns up at the store where she works part-time, and invites her out.\u003c/p\u003e\u003cp\u003e \u003c/p\u003e\u003cp\u003e Unworldly and innocent, Ana is shocked to find she wants this man. And, when he warns her to keep her distance, it only makes her want him more.\u003c/p\u003e\u003cp\u003e \u003c/p\u003e\u003cp\u003e As they embark on a passionate love affair, Ana discovers more about her own desires, as well as the dark secrets Christian keeps hidden away from public view ...\u003c/p\u003e",
  "industryIdentifiers": [
   {
    "type": "ISBN_10",
    "identifier": "1448149452"
   },
   {
    "type": "ISBN_13",
    "identifier": "9781448149452"
   }
  ],
  "readingModes": {
   "text": true,
   "image": false
  },
  "pageCount": 528,
  "printedPageCount": 530,
  "printType": "BOOK",
  "categories": [
   "Fiction / Romance / Contemporary",
   "Fiction / Romance / General",
   "Fiction / General"
  ],
  "averageRating": 4.0,
  "ratingsCount": 1962,
  "contentVersion": "1.13.11.0.preview.2",
  "imageLinks": {
   "smallThumbnail": "http://books.google.co.uk/books?id=ExguqMV2WaMC&printsec=frontcover&img=1&zoom=5&imgtk=AFLRE73bLiPAQPr50lsY5xrFTN5NIaLwfX_B855SqYpMgAlTuGWZ6guv4xutS4-ewFsMh-T7w3IGmGFGt-ZfEKhw4Ys_MihO1szd-cZ9ub686UXUoqT9FE0&source=gbs_api",
   "thumbnail": "http://books.google.co.uk/books?id=ExguqMV2WaMC&printsec=frontcover&img=1&zoom=1&imgtk=AFLRE73EOFSYoMYM3y28gBsiKoB7A9YcLKCG8Dt8Ws7eJqmmtRwex8ZJiw8f7-E3uMHJpDzOx1WfCmSNz1uM9TyVmf_PIJLZqouV-hM18CxFNGavq9EO0oQ&source=gbs_api"
  },
  "language": "en",
  "previewLink": "http://books.google.co.uk/books?id=ExguqMV2WaMC&hl=&source=gbs_api",
  "infoLink": "http://books.google.co.uk/books?id=ExguqMV2WaMC&hl=&source=gbs_api",
  "canonicalVolumeLink": "http://books.google.co.uk/books/about/Fifty_Shades_of_Grey.html?hl=&id=ExguqMV2WaMC"
 },
 "layerInfo": {
  "layers": [
   {
    "layerId": "geo",
    "volumeAnnotationsVersion": "14"
   }
  ]
 },
 "saleInfo": {
  "country": "GB",
  "saleability": "FOR_SALE",
  "isEbook": true,
  "listPrice": {
   "amount": 4.49,
   "currencyCode": "GBP"
  },
  "retailPrice": {
   "amount": 3.59,
   "currencyCode": "GBP"
  },
  "buyLink": "http://books.google.co.uk/books?id=ExguqMV2WaMC&hl=&buy=&source=gbs_api",
  "offers": [
   {
    "finskyOfferType": 1,
    "listPrice": {
     "amountInMicros": 4490000.0,
     "currencyCode": "GBP"
    },
    "retailPrice": {
     "amountInMicros": 3590000.0,
     "currencyCode": "GBP"
    }
   }
  ]
 },
 "accessInfo": {
  "country": "GB",
  "viewability": "NO_PAGES",
  "embeddable": false,
  "publicDomain": false,
  "textToSpeechPermission": "ALLOWED_FOR_ACCESSIBILITY",
  "epub": {
   "isAvailable": true
  },
  "pdf": {
   "isAvailable": false
  },
  "webReaderLink": "http://books.google.co.uk/books/reader?id=ExguqMV2WaMC&hl=&printsec=frontcover&output=reader&source=gbs_api",
  "accessViewStatus": "NONE",
  "quoteSharingAllowed": false
 }
}
