{
 "kind": "books#volume",
 "id": "EnUrreyCXRsC",
 "etag": "nFHtn1FGxz0",
 "selfLink": "https://www.googleapis.com/books/v1/volumes/EnUrreyCXRsC",
 "volumeInfo": {
  "title": "Educated in Romance",
  "subtitle": "Women, Achievement, and College Culture",
  "authors": [
   "Dorothy C. Holland"
  ],
  "publisher": "University of Chicago Press",
  "publishedDate": "1992-04-15",
  "description": "Is romance more important to women in college than grades are? Why do so many women enter college with strong academic backgrounds and firm career goals but leave with dramatically scaled-down ambitions? Dorothy C. Holland and Margaret A. Eisenhart expose a pervasive \"culture of romance\" on campus: a high-pressure peer system that propels women into a world where their attractiveness to men counts most. \u003cbr\u003e",
  "industryIdentifiers": [
   {
    "type": "ISBN_10",
    "identifier": "0226349446"
   },
   {
    "type": "ISBN_13",
    "identifier": "9780226349442"
   }
  ],
  "readingModes": {
   "text": true,
   "image": true
  },
  "pageCount": 288,
  "printedPageCount": 287,
  "dimensions": {
   "height": "22.90 cm",
   "width": "15.20 cm",
   "thickness": "2.30 cm"
  },
  "printType": "BOOK",
  "categories": [
   "Education / General"
  ],
  "averageRating": 5.0,
  "ratingsCount": 1,
  "contentVersion": "preview-1.0.0",
  "imageLinks": {
   "smallThumbnail": "http://books.google.com/books/content?id=EnUrreyCXRsC&printsec=frontcover&img=1&zoom=5&edge=curl&imgtk=AFLRE738IJz0DRZm-txivCyL6V1doI_2khaHoj0gUOBnH56WrnMsDBMcmo_7uul-Ys_-lUL1WH5VYdFFRUjruwWzJlYOQ8FXrqY4NahqYWaS94TeJ9L7-0E&source=gbs_api",
   "thumbnail": "http://books.google.com/books/content?id=EnUrreyCXRsC&printsec=frontcover&img=1&zoom=1&edge=curl&imgtk=AFLRE704kkOIQutmELO8UyvhAzJ_ZzlIQX7uQurx7_Mr6r132ZrB_88xqpb0ihRQ1VR8De_YftzxPB94B1AJ_H_PcRECxprz6Vbi1qi3kBKwQNPCnlluWjw&source=gbs_api",
   "small": "http://books.google.com/books/content?id=EnUrreyCXRsC&printsec=frontcover&img=1&zoom=2&edge=curl&imgtk=AFLRE72cQoFPDpOrpG__R4tgefKvD7owPRogmpQZ_CSJh3uir3rFfw4-rUcgERWL2PwESD8Ed0ZD2xyJij1VbZGZ0XDgb3Vk8mPe9dBeZmH7W91O6YboA1s&source=gbs_api",
   "medium": "http://books.google.com/books/content?id=EnUrreyCXRsC&printsec=frontcover&img=1&zoom=3&edge=curl&imgtk=AFLRE73ToXHwzoiN1PVmoJssFdTQL48twRcAobgaSK4Q0na21InS9wYLozO1bfQhhajJL9C84P8FWxDKqycYiEt3RtGq5mpf5qRZBwyX1EbWJYvWr8Bg16s&source=gbs_api",
   "large": "http://books.google.com/books/content?id=EnUrreyCXRsC&printsec=frontcover&img=1&zoom=4&edge=curl&imgtk=AFLRE71A23daPkOG_4xZTVa3jppF6h0bnx9MWb35irPRJiTT9vIKKgunvAbqbM9G_-O4N6Jq4NMyVyMoux0VrWeshVzPTGtW1BrJz8G14dS5a2-6D2D-3_k&source=gbs_api",
   "extraLarge": "http://books.google.com/books/content?id=EnUrreyCXRsC&printsec=frontcover&img=1&zoom=6&edge=curl&imgtk=AFLRE71JgZ5k0lPd7XqvYa0dh4OtxbKV7u6O-dhrvrgzagPAEDgjbL7BthJYtMSBccTrTld5ZPv-Eiu50DH2Si9h2ggVkh-WaERNj-Thf1848D_KNcoCs-0&source=gbs_api"
  },
  "language": "en",
  "previewLink": "http://books.google.co.uk/books?id=EnUrreyCXRsC&hl=&source=gbs_api",
  "infoLink": "http://books.google.co.uk/books?id=EnUrreyCXRsC&hl=&source=gbs_api",
  "canonicalVolumeLink": "http://books.google.co.uk/books/about/Educated_in_Romance.html?hl=&id=EnUrreyCXRsC"
 },
 "layerInfo": {
  "layers": [
   {
    "layerId": "geo",
    "volumeAnnotationsVersion": "3"
   }
  ]
 },
 "saleInfo": {
  "country": "GB",
  "saleability": "NOT_FOR_SALE",
  "isEbook": false
 },
 "accessInfo": {
  "country": "GB",
  "viewability": "PARTIAL",
  "embeddable": true,
  "publicDomain": false,
  "textToSpeechPermission": "ALLOWED",
  "epub": {
   "isAvailable": true,
   "acsTokenLink": "http://books.google.co.uk/books/download/Educated_in_Romance-sample-epub.acsm?id=EnUrreyCXRsC&format=epub&output=acs4_fulfillment_token&dl_type=sample&source=gbs_api"
  },
  "pdf": {
   "isAvailable": false
  },
  "webReaderLink": "http://books.google.co.uk/books/reader?id=EnUrreyCXRsC&hl=&printsec=frontcover&output=reader&source=gbs_api",
  "accessViewStatus": "SAMPLE",
  "quoteSharingAllowed": false
 }
}
