{
 "kind": "books#volume",
 "id": "YHZtv4XKeCMC",
 "etag": "MGq7ucfmW+I",
 "selfLink": "https://www.googleapis.com/books/v1/volumes/YHZtv4XKeCMC",
 "volumeInfo": {
  "title": "Physiology of Sport and Exercise With Web Study Guide-5th Edition",
  "authors": [
   "W. Larry Kenney",
   "Jack Wilmore",
   "David Costill"
  ],
  "publisher": "Human Kinetics",
  "publishedDate": "1999",
  "industryIdentifiers": [
   {
    "type": "ISBN_10",
    "identifier": "145042113X"
   },
   {
    "type": "ISBN_13",
    "identifier": "9781450421133"
   }
  ],
  "readingModes": {
   "text": false,
   "image": true
  },
  "pageCount": 710,
  "printedPageCount": 642,
  "printType": "BOOK",
  "contentVersion": "preview-1.0.0",
  "imageLinks": {
   "smallThumbnail": "http://books.google.co.uk/books?id=YHZtv4XKeCMC&printsec=frontcover&img=1&zoom=5&edge=curl&imgtk=AFLRE72zvOBsgix5JTvl1O1upztTZQCO0gygLlQmfclcNtGdzjnUuXhdJNhlX3ChItoXwzJhFq7LauHbvzKTmdlRWIWGqyMFyA-X_vNSV5rG2-YXpprJAnI&source=gbs_api",
   "thumbnail": "http://books.google.co.uk/books?id=YHZtv4XKeCMC&printsec=frontcover&img=1&zoom=1&edge=curl&imgtk=AFLRE71tqWQJtFXUJv5BzIEY7u3wfCmYhXBiFgJlNje0mh5dkcq04PKGvMDX1Df9muoW6UtJmn4UixfiZphv7LRI5JXnZM8ZHBCflI7Z-HvOPfzZDffdz6c&source=gbs_api",
   "small": "http://books.google.co.uk/books?id=YHZtv4XKeCMC&printsec=frontcover&img=1&zoom=2&edge=curl&imgtk=AFLRE71ofpYIZ3pLSBs9Tknzn1DFD4MpZvSnC66qcpjpEbJPLUg9Dz6GwRatloPhRXiWsTfa1WQoWL6CiVBRS20GQg-QNvQYyIBT3E149F7V8ro1xFz5cFs&source=gbs_api",
   "medium": "http://books.google.co.uk/books?id=YHZtv4XKeCMC&printsec=frontcover&img=1&zoom=3&edge=curl&imgtk=AFLRE70JEoshyf-1906pwYT3j45atRoHPiRtHf905BjJukI2kleDFcarWnLjIwp2-bL_--LzuOPlKj7Ox-OE0PWovzeM1KW70iCUvkBnJVGh_Zy6NZQPBt8&source=gbs_api"
  },
  "language": "en",
  "previewLink": "http://books.google.co.uk/books?id=YHZtv4XKeCMC&hl=&source=gbs_api",
  "infoLink": "http://books.google.co.uk/books?id=YHZtv4XKeCMC&hl=&source=gbs_api",
  "canonicalVolumeLink": "http://books.google.co.uk/books/about/Physiology_of_Sport_and_Exercise_With_We.html?hl=&id=YHZtv4XKeCMC"
 },
 "saleInfo": {
  "country": "GB",
  "saleability": "FOR_SALE_AND_RENTAL",
  "isEbook": true,
  "listPrice": {
   "amount": 35.99,
   "currencyCode": "GBP"
  },
  "retailPrice": {
   "amount": 27.05,
   "currencyCode": "GBP"
  },
  "buyLink": "http://books.google.co.uk/books?id=YHZtv4XKeCMC&hl=&buy=&source=gbs_api",
  "offers": [
   {
    "finskyOfferType": 1,
    "listPrice": {
     "amountInMicros": 3.599E7,
     "currencyCode": "GBP"
    },
    "retailPrice": {
     "amountInMicros": 2.705E7,
     "currencyCode": "GBP"
    }
   },
   {
    "finskyOfferType": 3,
    "listPrice": {
     "amountInMicros": 3.239E7,
     "currencyCode": "GBP"
    },
    "retailPrice": {
     "amountInMicros": 2.434E7,
     "currencyCode": "GBP"
    },
    "rentalDuration": {
     "unit": "DAY",
     "count": 180.0
    }
   }
  ]
 },
 "accessInfo": {
  "country": "GB",
  "viewability": "PARTIAL",
  "embeddable": true,
  "publicDomain": false,
  "textToSpeechPermission": "ALLOWED",
  "epub": {
   "isAvailable": false
  },
  "pdf": {
   "isAvailable": true,
   "acsTokenLink": "http://books.google.co.uk/books/download/Physiology_of_Sport_and_Exercise_With_We-sample-pdf.acsm?id=YHZtv4XKeCMC&format=pdf&output=acs4_fulfillment_token&dl_type=sample&source=gbs_api"
  },
  "webReaderLink": "http://books.google.co.uk/books/reader?id=YHZtv4XKeCMC&hl=&printsec=frontcover&output=reader&source=gbs_api",
  "accessViewStatus": "SAMPLE",
  "quoteSharingAllowed": false
 }
}
